franchise,season,team_name,W,L,playoff_result
MIL,1976-77,Milwaukee Bucks,30,52,
MIL,1977-78,Milwaukee Bucks,44,38,Lost W. Conf. Semis
MIL,1978-79,Milwaukee Bucks,38,44,
MIL,1979-80,Milwaukee Bucks,49,33,Lost W. Conf. Semis
MIL,1980-81,Milwaukee Bucks,60,22,Lost E. Conf. Semis
MIL,1981-82,Milwaukee Bucks,55,27,Lost E. Conf. Semis
MIL,1982-83,Milwaukee Bucks,51,31,Lost E. Conf. Finals
MIL,1983-84,Milwaukee Bucks,50,32,Lost E. Conf. Finals
MIL,1984-85,Milwaukee Bucks,59,23,Lost E. Conf. Semis
MIL,1985-86,Milwaukee Bucks,57,25,Lost E. Conf. Finals
MIL,1986-87,Milwaukee Bucks,50,32,Lost E. Conf. Semis
MIL,1987-88,Milwaukee Bucks,42,40,Lost E. Conf. 1st Rnd.
MIL,1988-89,Milwaukee Bucks,49,33,Lost E. Conf. Semis
MIL,1989-90,Milwaukee Bucks,44,38,Lost E. Conf. 1st Rnd.
MIL,1990-91,Milwaukee Bucks,48,34,Lost E. Conf. 1st Rnd.
MIL,1991-92,Milwaukee Bucks,31,51,
MIL,1992-93,Milwaukee Bucks,28,54,
MIL,1993-94,Milwaukee Bucks,20,62,
MIL,1994-95,Milwaukee Bucks,34,48,
MIL,1995-96,Milwaukee Bucks,25,57,
MIL,1996-97,Milwaukee Bucks,33,49,
MIL,1997-98,Milwaukee Bucks,36,46,
MIL,1998-99,Milwaukee Bucks,28,22,Lost E. Conf. 1st Rnd.
MIL,1999-00,Milwaukee Bucks,42,40,Lost E. Conf. 1st Rnd.
MIL,2000-01,Milwaukee Bucks,52,30,Lost E. Conf. Finals
MIL,2001-02,Milwaukee Bucks,41,41,
MIL,2002-03,Milwaukee Bucks,42,40,Lost E. Conf. 1st Rnd.
MIL,2003-04,Milwaukee Bucks,41,41,Lost E. Conf. 1st Rnd.
MIL,2004-05,Milwaukee Bucks,30,52,
MIL,2005-06,Milwaukee Bucks,40,42,Lost E. Conf. 1st Rnd.
MIL,2006-07,Milwaukee Bucks,28,54,
MIL,2007-08,Milwaukee Bucks,26,56,
MIL,2008-09,Milwaukee Bucks,34,48,
MIL,2009-10,Milwaukee Bucks,46,36,Lost E. Conf. 1st Rnd.
MIL,2010-11,Milwaukee Bucks,35,47,
MIL,2011-12,Milwaukee Bucks,31,35,
MIL,2012-13,Milwaukee Bucks,38,44,Lost E. Conf. 1st Rnd.
MIL,2013-14,Milwaukee Bucks,15,67,
MIL,2014-15,Milwaukee Bucks,41,41,Lost E. Conf. 1st Rnd.
MIL,2015-16,Milwaukee Bucks,33,49,
MIL,2016-17,Milwaukee Bucks,42,40,Lost E. Conf. 1st Rnd.
MIL,2017-18,Milwaukee Bucks,44,38,Lost E. Conf. 1st Rnd.
MIL,2018-19,Milwaukee Bucks,60,22,Lost E. Conf. Finals
MIL,2019-20,Milwaukee Bucks,56,17,Lost E. Conf. Semis
MIL,2020-21,Milwaukee Bucks,46,26,Won Finals
MIL,2021-22,Milwaukee Bucks,51,31,Lost E. Conf. Semis
MIL,2022-23,Milwaukee Bucks,58,24,Lost E. Conf. 1st Rnd.
MIL,2023-24,Milwaukee Bucks,49,33,Lost E. Conf. 1st Rnd.
MIL,2024-25,Milwaukee Bucks,48,34,Lost E. Conf. 1st Rnd.
MIL,2025-26,Milwaukee Bucks,32,50,
